"industry","term","definition","formula","required_columns","source","note"
"Retail & E-commerce","Revenue","Sales value generated after recorded discounts.","SUM(revenue)","revenue","DataSense starter template","Map the generic field to the dataset before calculating."
"Retail & E-commerce","Average Order Value","Average revenue generated by each distinct order.","SUM(revenue) / COUNT(DISTINCT order_id)","revenue; order_id","DataSense starter template","Use distinct orders rather than row count."
"Retail & E-commerce","Gross Margin Percentage","Share of revenue remaining after cost of goods sold.","(SUM(revenue) - SUM(cost_of_goods_sold)) / SUM(revenue) * 100","revenue; cost_of_goods_sold","DataSense starter template","Cost definitions must be confirmed with Finance."
"Retail & E-commerce","Return Rate","Share of distinct orders or items returned by customers.","returned_orders / total_orders * 100","order_id; returned","DataSense starter template","Choose order-level or item-level measurement consistently."
"Retail & E-commerce","Purchase Conversion Rate","Share of eligible visits or users that complete a purchase.","purchasers / eligible_visitors * 100","customer_id; purchase_flag; session_id","DataSense starter template","Confirm whether the denominator is users or sessions."
"EdTech","Lead-to-Enrolment Rate","Share of qualified leads that successfully enrol.","enrolled_leads / qualified_leads * 100","lead_id; qualification_status; enrolment_status","DataSense starter template","Define qualified-lead eligibility before calculation."
"EdTech","Course Completion Rate","Share of enrolled learners who complete the course.","completed_learners / enrolled_learners * 100","learner_id; enrolment_status; completion_status","DataSense starter template","Set a consistent completion cutoff date."
"EdTech","Learner Retention Rate","Share of learners who remain active at the end of the measurement period.","retained_learners / eligible_learners_at_start * 100","learner_id; activity_date; enrolment_date","DataSense starter template","Exclude learners who were not yet eligible for the full period."
"EdTech","Student Acquisition Cost","Average sales and marketing spend required to acquire one new student.","sales_and_marketing_spend / new_students","spend; learner_id; enrolment_date","DataSense starter template","Use incremental spend when evaluating a specific campaign."
"EdTech","Average Revenue per Learner","Average recognised revenue generated per paying learner.","SUM(recognised_revenue) / COUNT(DISTINCT paying_learner_id)","recognised_revenue; paying_learner_id","DataSense starter template","Do not mix booked and recognised revenue."
"Hospitality","Occupancy Rate","Share of available room nights that were sold.","occupied_room_nights / available_room_nights * 100","occupied_rooms; available_rooms; stay_date","DataSense starter template","Exclude out-of-order rooms only if the business definition requires it."
"Hospitality","Average Daily Rate","Average room revenue earned per occupied room night.","room_revenue / occupied_room_nights","room_revenue; occupied_rooms; stay_date","DataSense starter template","Exclude taxes and non-room revenue unless policy says otherwise."
"Hospitality","Revenue per Available Room","Room revenue generated per available room night.","room_revenue / available_room_nights","room_revenue; available_rooms; stay_date","DataSense starter template","RevPAR also equals ADR multiplied by occupancy as a decimal."
"Hospitality","Cancellation Rate","Share of eligible reservations that were cancelled.","cancelled_reservations / eligible_reservations * 100","reservation_id; reservation_status","DataSense starter template","Define whether no-shows are included."
"Hospitality","Average Length of Stay","Average number of occupied nights per completed stay.","SUM(room_nights) / COUNT(DISTINCT completed_reservation_id)","reservation_id; check_in_date; check_out_date; status","DataSense starter template","Use completed stays for a realised measure."
"Marketing","Click-through Rate","Share of ad impressions that produced a click.","clicks / impressions * 100","clicks; impressions","DataSense starter template","Use the same platform attribution window."
"Marketing","Cost per Click","Average media cost for each recorded click.","ad_spend / clicks","ad_spend; clicks","DataSense starter template","Handle campaigns with zero clicks separately."
"Marketing","Cost per Lead","Average campaign spend required to generate one eligible lead.","campaign_spend / eligible_leads","campaign_spend; lead_id; lead_status","DataSense starter template","Remove duplicate and invalid leads before calculation."
"Marketing","Customer Acquisition Cost","Average attributable sales and marketing cost per new customer.","attributable_acquisition_cost / new_customers","acquisition_cost; customer_id; acquisition_date","DataSense starter template","Agree on attribution scope before comparing channels."
"Marketing","Return on Ad Spend","Revenue attributed to advertising for each unit of ad spend.","attributed_revenue / ad_spend","attributed_revenue; ad_spend","DataSense starter template","ROAS is not the same as profit or ROI."
"Sales & CRM","Lead Conversion Rate","Share of eligible leads that become customers or won opportunities.","converted_leads / eligible_leads * 100","lead_id; lead_status","DataSense starter template","Confirm the exact conversion event."
"Sales & CRM","Opportunity Win Rate","Share of closed opportunities that were won.","won_opportunities / closed_opportunities * 100","opportunity_id; opportunity_status","DataSense starter template","Exclude open opportunities from the denominator."
"Sales & CRM","Average Sales Cycle","Average elapsed time from opportunity creation to closure.","AVG(close_date - created_date)","opportunity_id; created_date; close_date","DataSense starter template","Calculate on closed opportunities and report the median too."
"Sales & CRM","Average Deal Size","Average booked value of won opportunities.","SUM(won_deal_value) / COUNT(DISTINCT won_opportunity_id)","opportunity_id; opportunity_status; deal_value","DataSense starter template","Use one consistent currency and booking definition."
"Sales & CRM","Pipeline Coverage","Open qualified pipeline value relative to the sales target.","qualified_open_pipeline_value / sales_target","opportunity_status; stage; deal_value; sales_target","DataSense starter template","Pipeline period and target period must match."
"Finance & Banking","Net Interest Margin","Net interest income earned relative to average interest-earning assets.","net_interest_income / average_interest_earning_assets * 100","interest_income; interest_expense; earning_assets","DataSense starter template","Use the institution's approved annualisation convention."
"Finance & Banking","Non-performing Asset Ratio","Share of the loan portfolio classified as non-performing.","non_performing_loan_balance / total_loan_balance * 100","loan_balance; performance_status","DataSense starter template","Apply the regulatory delinquency definition."
"Finance & Banking","Cost-to-Income Ratio","Operating expenses relative to operating income.","operating_expenses / operating_income * 100","operating_expenses; operating_income","DataSense starter template","Lower values generally indicate better operating efficiency."
"Finance & Banking","Return on Assets","Net income generated relative to average total assets.","net_income / average_total_assets * 100","net_income; total_assets","DataSense starter template","Use average assets across the period."
"Finance & Banking","Loan-to-Deposit Ratio","Gross loans outstanding relative to customer deposits.","gross_loans / customer_deposits * 100","loan_balance; deposit_balance","DataSense starter template","Interpret alongside liquidity requirements."
"Healthcare","Average Patient Wait Time","Average elapsed time between patient arrival and service start.","AVG(service_start_time - arrival_time)","patient_visit_id; arrival_time; service_start_time","DataSense starter template","Report percentiles because averages can hide long waits."
"Healthcare","Bed Occupancy Rate","Share of available bed-days that were occupied.","occupied_bed_days / available_bed_days * 100","occupied_beds; available_beds; date","DataSense starter template","Confirm treatment of closed or unavailable beds."
"Healthcare","Readmission Rate","Share of eligible discharges followed by an unplanned readmission within the defined window.","qualifying_readmissions / eligible_discharges * 100","patient_id; discharge_date; admission_date; readmission_flag","DataSense starter template","Apply clinical exclusions and the approved time window."
"Healthcare","Average Length of Stay","Average inpatient days per completed admission.","SUM(discharge_date - admission_date) / COUNT(DISTINCT completed_admission_id)","admission_id; admission_date; discharge_date; status","DataSense starter template","Use completed inpatient stays only."
"Healthcare","Claim Denial Rate","Share of submitted claims denied by the payer.","denied_claims / submitted_claims * 100","claim_id; claim_status","DataSense starter template","Track initial and final denials separately."
"Manufacturing","Overall Equipment Effectiveness","Combined availability performance and quality effectiveness of equipment.","availability * performance * quality","planned_time; run_time; ideal_cycle_time; total_count; good_count","DataSense starter template","Express each component as a decimal before multiplication."
"Manufacturing","Defect Rate","Share of produced units that fail the defined quality standard.","defective_units / total_units_produced * 100","unit_count; defect_flag","DataSense starter template","Define whether rework units count as defects."
"Manufacturing","First-pass Yield","Share of units meeting quality standards without rework.","good_units_without_rework / total_units_entering_process * 100","unit_id; quality_status; rework_flag","DataSense starter template","Measure at a clearly defined process stage."
"Manufacturing","Unplanned Downtime Rate","Share of scheduled production time lost to unplanned downtime.","unplanned_downtime / scheduled_production_time * 100","downtime_minutes; downtime_type; scheduled_minutes","DataSense starter template","Separate planned maintenance from unplanned events."
"Manufacturing","Inventory Turnover","Cost of goods sold relative to average inventory value.","cost_of_goods_sold / average_inventory_value","cost_of_goods_sold; inventory_value","DataSense starter template","Use average opening and closing inventory at minimum."
"Logistics & Fleet","On-time Delivery Rate","Share of eligible deliveries completed on or before the promised time.","on_time_deliveries / eligible_deliveries * 100","delivery_id; promised_time; delivered_time","DataSense starter template","Define grace periods and customer-caused delays."
"Logistics & Fleet","Vehicle Utilisation Rate","Share of available vehicle time spent in productive use.","productive_vehicle_time / available_vehicle_time * 100","vehicle_id; productive_time; available_time","DataSense starter template","Productive use must be consistently defined."
"Logistics & Fleet","Cost per Kilometre","Total fleet operating cost incurred per kilometre travelled.","total_operating_cost / total_kilometres","fuel_cost; maintenance_cost; other_operating_cost; distance_km","DataSense starter template","State which fixed and variable costs are included."
"Logistics & Fleet","Empty Distance Rate","Share of travelled distance completed without a productive load.","empty_kilometres / total_kilometres * 100","distance_km; load_status","DataSense starter template","Use consistent trip and repositioning rules."
"Logistics & Fleet","Driver Attrition Rate","Share of eligible drivers who leave during the measurement period.","drivers_who_left / average_active_drivers * 100","driver_id; active_status; exit_date","DataSense starter template","Separate voluntary and involuntary exits where possible."
"SaaS & Product Analytics","Monthly Recurring Revenue","Normalised recurring subscription revenue active in a month.","SUM(monthly_recurring_subscription_value)","subscription_id; recurring_value; active_date; cancellation_date","DataSense starter template","Exclude one-time fees and usage revenue unless policy includes them."
"SaaS & Product Analytics","Customer Churn Rate","Share of starting customers lost during the measurement period.","customers_lost / customers_active_at_start * 100","customer_id; active_date; cancellation_date","DataSense starter template","New customers acquired during the period are not in the denominator."
"SaaS & Product Analytics","DAU to MAU Ratio","Share of monthly active users who are active on an average day.","average_daily_active_users / monthly_active_users * 100","user_id; activity_date","DataSense starter template","Use the same qualifying activity definition for DAU and MAU."
"SaaS & Product Analytics","Average Revenue per Account","Average recurring revenue generated per active paying account.","recurring_revenue / active_paying_accounts","account_id; recurring_revenue; active_status","DataSense starter template","Use account rather than user count for B2B products."
"SaaS & Product Analytics","LTV to CAC Ratio","Estimated customer lifetime value relative to acquisition cost.","customer_lifetime_value / customer_acquisition_cost","gross_margin; churn_rate; average_revenue; acquisition_cost","DataSense starter template","Document the exact LTV model and cohort assumptions."
